Crop,SoilType,Min_Temp,Max_Temp,Min_Humidity,Max_Humidity
Groundnut,Loamy,22,37,37,52
Wheat,Red,23,38,36,61
Rice,Black,18,26,45,69
Mustard,Sandy,15,22,37,67
Mustard,Black,10,22,51,69
Potato,Alluvial,21,27,39,68
Wheat,Black,17,26,31,60
Groundnut,Alluvial,19,29,58,79
Wheat,Sandy,19,27,33,53
Pulses,Clay,10,17,54,72
Barley,Sandy,21,32,58,81
Wheat,Alluvial,12,22,57,68
Mustard,Sandy,11,17,57,78
Barley,Loamy,10,22,53,71
Millet,Loamy,18,31,32,58
Mustard,Black,16,26,36,58
Groundnut,Red,19,28,43,66
Rice,Sandy,11,21,50,78
Rice,Sandy,22,34,40,52
Cotton,Red,24,38,51,67
Sunflower,Red,10,19,30,46
Millet,Loamy,16,22,53,83
Maize,Red,17,28,39,59
Barley,Black,24,35,54,71
Barley,Black,13,26,31,61
Rice,Loamy,20,29,34,60
Cotton,Clay,22,32,56,66
Pulses,Loamy,12,26,47,67
Gram,Red,19,27,57,76
Sunflower,Alluvial,12,19,31,49
Groundnut,Red,23,34,33,51
Groundnut,Red,11,18,36,55
Cotton,Clay,20,25,43,60
Soybean,Alluvial,22,36,46,71
Groundnut,Black,25,30,52,69
Rice,Loamy,25,31,39,50
Maize,Sandy,21,31,42,66
Pulses,Loamy,16,31,32,48
Millet,Clay,18,26,33,62
Sugarcane,Loamy,14,29,40,63
Cotton,Alluvial,17,22,52,79
Groundnut,Red,19,27,60,76
Potato,Sandy,17,27,56,83
Cotton,Black,22,33,56,72
Sunflower,Alluvial,22,31,55,73
Potato,Black,14,26,42,54
Maize,Alluvial,25,39,45,68
Soybean,Clay,23,31,35,47
Sunflower,Alluvial,10,23,58,88
Jowar,Clay,14,24,32,48
Maize,Alluvial,24,29,58,78
Groundnut,Black,17,26,55,75
Soybean,Clay,24,34,51,79
Barley,Sandy,10,21,36,50
Barley,Sandy,14,24,40,56
Mustard,Black,20,27,41,66
Millet,Black,13,21,45,59
Jowar,Loamy,16,22,38,68
Soybean,Sandy,17,30,46,59
Millet,Loamy,10,20,56,76
Sugarcane,Black,25,38,49,78
Millet,Sandy,11,19,30,47
Gram,Loamy,22,31,30,49
Groundnut,Alluvial,16,30,39,62
Rice,Alluvial,24,32,42,55
Barley,Black,20,31,50,65
Potato,Clay,10,17,43,68
Sugarcane,Clay,14,27,30,51
Barley,Clay,24,37,35,52
Pulses,Loamy,18,33,46,67
Cotton,Loamy,23,31,32,54
Jowar,Red,15,26,46,67
Cotton,Sandy,13,24,57,83
Sunflower,Alluvial,11,25,47,59
Maize,Red,10,16,31,48
Cotton,Red,12,17,36,52
Maize,Black,13,19,45,64
Wheat,Clay,17,30,40,54
Sugarcane,Sandy,16,28,55,65
Soybean,Red,25,33,44,74
Sunflower,Clay,20,29,51,76
Pulses,Red,23,36,54,71
Cotton,Clay,16,21,45,63
Groundnut,Black,10,24,47,60
Sugarcane,Clay,15,24,33,48
Millet,Alluvial,16,26,48,76
Sunflower,Sandy,13,28,42,64
Millet,Alluvial,19,32,46,67
Sugarcane,Alluvial,18,26,41,62
Wheat,Red,12,21,56,75
Groundnut,Alluvial,10,15,55,68
Jowar,Red,10,16,33,47
Rice,Red,14,21,46,65
Sunflower,Loamy,24,35,46,68
Cotton,Sandy,22,30,43,67
Gram,Loamy,21,27,49,74
Wheat,Loamy,13,19,36,46
Barley,Alluvial,25,33,50,80
Potato,Black,22,34,56,84
Wheat,Alluvial,14,19,31,59
Gram,Loamy,10,23,38,57
Sugarcane,Loamy,10,19,59,89
Jowar,Loamy,16,29,35,65
Potato,Alluvial,18,32,33,43
Barley,Loamy,16,24,34,52
Soybean,Black,23,35,48,78
Maize,Red,10,19,57,84
Maize,Red,10,25,45,68
Soybean,Red,19,33,33,50
Groundnut,Alluvial,14,22,32,56
Cotton,Black,23,30,58,83
Jowar,Clay,22,30,55,70
Jowar,Loamy,12,18,49,62
Groundnut,Loamy,10,22,44,59
Pulses,Black,21,36,33,54
Pulses,Clay,17,28,35,48
Rice,Red,13,22,37,63
Potato,Black,16,29,38,50
Cotton,Black,14,22,40,63
Wheat,Clay,16,24,50,75
Barley,Loamy,16,23,34,51
Barley,Clay,17,29,38,60
Sunflower,Alluvial,12,18,39,54
Sunflower,Loamy,11,21,46,76
Rice,Clay,23,37,53,80
Barley,Alluvial,23,34,52,75
Cotton,Black,24,37,50,70
Mustard,Clay,11,23,37,61
Gram,Clay,16,23,33,58
Potato,Alluvial,13,28,31,43
Jowar,Clay,21,30,35,51
Cotton,Loamy,21,28,48,65
Maize,Clay,22,33,56,81
Wheat,Black,22,36,45,67
Millet,Alluvial,20,27,32,50
Mustard,Sandy,21,28,39,67
Pulses,Loamy,14,24,47,59
Maize,Sandy,17,28,52,75
Groundnut,Loamy,10,19,49,72
Cotton,Alluvial,21,34,55,78
Sugarcane,Black,20,25,52,68
Sugarcane,Sandy,20,32,35,56
Jowar,Black,19,32,39,69
Pulses,Red,18,31,59,74
Sunflower,Sandy,12,26,42,53
Sunflower,Loamy,24,37,30,60
Gram,Black,15,26,47,71
Pulses,Clay,23,32,48,71
Groundnut,Clay,12,23,43,59
Millet,Sandy,14,19,56,81
Millet,Loamy,12,25,54,64
Groundnut,Red,11,26,58,77
Groundnut,Black,22,27,56,78
Sugarcane,Alluvial,15,21,56,68
Jowar,Sandy,12,18,31,46
Barley,Alluvial,21,30,37,56
Cotton,Alluvial,19,24,31,58
Pulses,Sandy,15,23,60,77
Millet,Black,20,32,57,67
Potato,Black,14,24,56,75
Jowar,Alluvial,23,36,49,59
Groundnut,Alluvial,20,26,52,70
Gram,Red,10,21,51,76
Millet,Black,17,26,60,78
Sugarcane,Alluvial,21,31,33,59
Rice,Loamy,23,31,33,48
Rice,Black,10,20,57,78
Cotton,Alluvial,11,25,52,66
Soybean,Sandy,20,28,46,71
Rice,Sandy,22,36,35,48
Groundnut,Red,24,34,52,77
Millet,Clay,13,19,47,71
Groundnut,Alluvial,19,28,54,73
Cotton,Alluvial,16,24,59,83
Gram,Red,15,22,38,56
Gram,Loamy,11,18,58,84
Wheat,Loamy,14,26,53,80
Jowar,Clay,24,29,49,74
Rice,Red,17,23,55,83
Pulses,Sandy,18,25,31,59
Jowar,Red,18,24,52,78
Rice,Red,13,20,31,42
Mustard,Black,18,29,41,60
Cotton,Black,17,25,53,83
Barley,Red,18,30,54,76
Mustard,Clay,17,26,33,54
Jowar,Black,18,24,34,44
Rice,Red,22,32,53,74
Wheat,Clay,14,23,41,52
Sunflower,Black,25,37,35,51
Rice,Alluvial,22,32,57,76
Sunflower,Loamy,21,29,35,46
Soybean,Red,13,23,40,55
Soybean,Alluvial,19,28,51,65
Sugarcane,Red,11,21,52,76
Barley,Clay,21,34,31,48
Sunflower,Black,15,24,33,53
Pulses,Black,15,29,59,87
Millet,Red,12,26,38,55
Sunflower,Loamy,16,29,49,70
Jowar,Red,23,37,53,77
Rice,Alluvial,12,22,57,74
Sugarcane,Loamy,24,36,35,46
Potato,Clay,25,39,31,54
Wheat,Red,13,27,54,68
Sunflower,Red,18,31,39,55
Sugarcane,Red,14,25,51,79
Sugarcane,Red,10,20,43,55
Jowar,Alluvial,20,33,56,84
Maize,Loamy,15,22,44,55
Mustard,Loamy,21,26,36,64
Groundnut,Red,17,26,48,71
Wheat,Black,10,20,56,69
Jowar,Clay,22,28,42,57
Rice,Sandy,10,22,35,63
Groundnut,Red,10,18,53,76
Groundnut,Alluvial,15,26,52,78
Wheat,Loamy,13,28,40,69
Sunflower,Alluvial,11,26,39,49
Jowar,Sandy,25,38,48,78
Sugarcane,Alluvial,25,36,58,83
Maize,Loamy,22,33,54,65
Groundnut,Clay,18,32,36,62
Millet,Loamy,22,28,55,66
Pulses,Clay,11,23,56,69
Pulses,Black,11,19,46,64
Maize,Clay,24,37,46,59
Potato,Black,21,30,36,60
Sunflower,Alluvial,20,30,51,61
Millet,Clay,10,18,42,57
Soybean,Alluvial,17,26,58,69
Cotton,Black,23,33,49,64
Gram,Loamy,19,28,46,73
Wheat,Black,10,17,56,74
Cotton,Sandy,15,28,46,70
Cotton,Clay,17,23,53,68
Groundnut,Loamy,22,34,60,81
Gram,Sandy,13,23,39,69
Maize,Loamy,25,38,47,69
Barley,Red,15,30,49,67
Pulses,Red,11,21,34,54
Mustard,Alluvial,22,36,34,47
Potato,Sandy,18,30,44,66
Barley,Red,13,21,45,55
Barley,Red,19,30,52,65
Cotton,Loamy,20,27,60,89
Groundnut,Alluvial,15,28,37,55
Gram,Loamy,17,22,44,73
Millet,Red,14,26,36,65
Soybean,Alluvial,14,19,43,69
Groundnut,Alluvial,11,24,31,54
Gram,Sandy,15,23,37,52
Groundnut,Black,25,38,56,72
Pulses,Black,18,23,36,56
Sugarcane,Alluvial,15,23,36,52
Groundnut,Clay,15,27,42,66
Maize,Loamy,24,30,57,85
Maize,Clay,19,30,42,52
Pulses,Sandy,12,19,35,48
Barley,Sandy,20,31,37,52
Pulses,Black,11,17,54,83
Jowar,Clay,14,20,41,70
Pulses,Clay,25,40,40,56
Barley,Alluvial,18,32,48,72
Rice,Red,17,32,31,49
Cotton,Alluvial,21,28,42,72
Groundnut,Sandy,22,28,34,63
Soybean,Loamy,13,27,38,58
Jowar,Clay,20,33,49,79
Barley,Alluvial,12,19,45,60
Jowar,Red,18,33,49,73
Gram,Sandy,15,27,55,84
Sugarcane,Black,18,27,51,68
Jowar,Loamy,17,30,33,45
Wheat,Clay,11,24,51,75
Wheat,Loamy,15,25,60,85
Mustard,Alluvial,20,32,46,71
Groundnut,Loamy,23,35,54,79
Potato,Loamy,14,23,46,66
Jowar,Black,21,33,40,69
Mustard,Alluvial,22,31,39,54
Groundnut,Red,18,32,55,84
Sugarcane,Alluvial,20,35,48,64
Sugarcane,Sandy,16,25,30,49
Barley,Sandy,16,29,60,78
Soybean,Red,21,29,46,70
Jowar,Red,13,19,31,47
Sugarcane,Sandy,14,22,57,87
Potato,Red,22,36,41,60
Rice,Sandy,23,34,45,73
Gram,Loamy,14,27,60,86
Barley,Clay,24,32,37,59
Soybean,Red,20,25,46,60
Pulses,Loamy,20,30,45,57
Soybean,Red,18,28,47,68
Gram,Black,25,38,56,83
Groundnut,Red,14,21,50,74
Mustard,Sandy,14,19,33,61
Maize,Alluvial,11,17,33,51
Barley,Loamy,17,22,53,63
Sunflower,Black,22,29,53,69
Mustard,Sandy,24,36,42,63
Gram,Clay,19,25,54,69
Potato,Red,18,23,47,70
Pulses,Loamy,22,36,44,74
Potato,Black,24,35,47,71
Pulses,Clay,22,36,52,64
Jowar,Black,18,31,36,46
Cotton,Red,10,23,34,57
Barley,Black,19,27,51,67
Cotton,Red,16,30,58,83
Soybean,Sandy,22,33,44,68
Jowar,Alluvial,24,39,58,72
Pulses,Red,14,29,39,50
Jowar,Red,10,15,30,46
Wheat,Loamy,14,19,51,61
Groundnut,Loamy,13,24,57,83
Groundnut,Alluvial,11,23,46,62
Jowar,Alluvial,22,37,39,51
Maize,Sandy,17,22,51,64
Mustard,Sandy,16,23,48,62
Pulses,Black,10,23,51,70
Cotton,Red,16,21,58,73
Jowar,Red,24,36,48,78
Groundnut,Loamy,18,23,45,59
Sugarcane,Clay,23,38,33,57
Sugarcane,Sandy,20,33,36,48
Sugarcane,Alluvial,18,29,40,70
Potato,Sandy,24,36,50,69
Jowar,Red,19,31,35,63
Sunflower,Clay,11,21,51,78
Cotton,Alluvial,17,24,59,69
Mustard,Sandy,10,22,52,65
Groundnut,Red,18,33,56,71
Groundnut,Red,20,27,58,83
Sunflower,Clay,12,25,51,69
Jowar,Alluvial,22,29,52,73
Potato,Black,10,17,54,83
Cotton,Red,17,28,36,61
Pulses,Sandy,24,31,38,62
Cotton,Red,22,34,59,76
Pulses,Loamy,22,36,34,54
Soybean,Clay,16,30,33,53
Sunflower,Black,17,32,53,69
Sunflower,Sandy,13,27,30,51
Pulses,Red,10,22,56,70
Gram,Sandy,10,23,50,67
Maize,Red,14,22,57,76
Jowar,Alluvial,25,35,32,51
Millet,Sandy,10,24,54,69
Sugarcane,Loamy,25,39,33,53
Maize,Red,14,21,42,69
Jowar,Red,18,32,30,49
Soybean,Alluvial,17,28,35,57
Cotton,Loamy,16,28,55,67
Cotton,Clay,16,28,37,60
Gram,Clay,17,30,47,68
Barley,Alluvial,23,34,58,81
Barley,Alluvial,18,29,43,53
Rice,Black,13,23,34,56
Groundnut,Alluvial,20,28,49,72
Sunflower,Alluvial,22,34,40,62
Rice,Sandy,24,35,60,83
Rice,Clay,10,16,54,83
Sunflower,Loamy,20,30,35,55
Wheat,Clay,14,22,33,60
Soybean,Sandy,13,25,56,70
Sugarcane,Loamy,18,27,59,75
Jowar,Alluvial,21,31,49,74
Mustard,Red,18,26,33,47
Sugarcane,Black,23,30,40,69
Sugarcane,Clay,19,24,49,71
Potato,Alluvial,21,29,36,57
Mustard,Clay,12,25,52,82
Mustard,Alluvial,18,33,32,60
Millet,Black,13,19,57,74
Rice,Clay,17,29,57,84
Barley,Red,12,25,40,67
Groundnut,Black,11,20,52,67
Barley,Red,19,25,45,69
Sunflower,Sandy,14,23,33,62
Pulses,Sandy,11,19,35,55
Rice,Loamy,23,36,33,57
Rice,Alluvial,12,25,35,48
Millet,Red,19,25,36,59
Groundnut,Sandy,16,30,59,71
Potato,Black,24,36,43,71
Rice,Red,17,23,45,62
Rice,Sandy,17,31,47,60
Maize,Red,13,25,34,47
Sugarcane,Red,18,31,57,75
Groundnut,Alluvial,16,30,31,61
Rice,Alluvial,22,30,37,56
Cotton,Red,18,32,47,68
Sunflower,Black,12,19,55,83
Maize,Black,25,32,50,78
Soybean,Sandy,10,22,43,68
Potato,Alluvial,16,21,39,49
Sunflower,Clay,20,35,48,71
Groundnut,Red,18,31,51,74
Sunflower,Red,20,26,31,58
Soybean,Alluvial,25,35,57,72
Mustard,Sandy,19,27,31,51
Barley,Loamy,13,24,47,77
Jowar,Clay,20,28,42,64
Maize,Alluvial,11,24,35,64
Groundnut,Black,12,23,32,50
Groundnut,Clay,11,25,53,82
Barley,Red,18,32,60,81
Mustard,Black,10,17,44,70
Wheat,Clay,24,34,43,70
Millet,Red,22,35,49,70
Jowar,Black,10,23,43,72
Barley,Sandy,13,18,53,71
Sugarcane,Sandy,13,18,45,75
Groundnut,Clay,10,15,31,54
Pulses,Alluvial,17,25,55,80
Pulses,Sandy,20,34,60,82
Sunflower,Black,18,24,36,60
Pulses,Black,22,37,51,76
Pulses,Black,13,25,31,49
Cotton,Loamy,21,36,57,84
Groundnut,Alluvial,13,27,54,73
Groundnut,Red,17,25,42,70
Sunflower,Black,17,24,51,71
Jowar,Alluvial,25,35,44,67
Jowar,Loamy,22,30,58,76
Pulses,Alluvial,25,34,31,44
Sugarcane,Clay,21,26,30,40
Barley,Loamy,10,24,56,84
Pulses,Alluvial,13,26,48,77
Soybean,Clay,22,34,42,72
Potato,Alluvial,18,32,40,69
Rice,Sandy,11,16,36,54
Pulses,Clay,15,21,45,58
Cotton,Alluvial,19,26,58,72
Gram,Red,10,20,45,66
Barley,Alluvial,24,32,32,46
Mustard,Clay,16,25,45,68
Rice,Loamy,21,31,56,71
Mustard,Clay,18,31,51,81
Cotton,Sandy,15,23,46,65
Gram,Alluvial,21,31,31,58
Millet,Red,20,32,47,67
Soybean,Clay,15,22,43,71
Soybean,Alluvial,21,32,34,52
Barley,Black,10,24,40,64
Groundnut,Alluvial,13,28,50,68
Soybean,Clay,13,25,58,77
Jowar,Alluvial,21,26,30,57
Sugarcane,Alluvial,19,32,48,78
Groundnut,Black,14,28,41,61
Sunflower,Alluvial,25,39,54,83
Millet,Red,18,24,50,68
Millet,Black,25,34,31,47
Millet,Loamy,19,34,60,89
Rice,Black,11,20,57,74
Cotton,Red,11,22,55,69
Soybean,Clay,15,20,58,69
Wheat,Red,14,28,38,53
Cotton,Clay,15,30,43,67
Groundnut,Loamy,17,25,39,56
Soybean,Alluvial,15,27,60,87
Sugarcane,Loamy,13,27,50,66
Cotton,Alluvial,18,33,35,47
Cotton,Clay,15,28,37,59
Groundnut,Red,14,28,55,80
Millet,Red,14,23,39,58
Jowar,Alluvial,16,30,38,62
Sugarcane,Sandy,18,26,37,57
Potato,Red,15,27,47,69
Sugarcane,Clay,17,31,47,64
Maize,Clay,15,26,54,73
Sunflower,Red,20,34,55,71
Barley,Loamy,15,24,57,74
Gram,Red,18,30,35,60
Mustard,Clay,15,24,41,52
Cotton,Red,21,30,56,82
Soybean,Red,20,25,58,72
Jowar,Black,18,23,48,68
Millet,Clay,25,34,42,61
Mustard,Red,19,28,51,64
Wheat,Red,17,28,49,73
Barley,Sandy,23,32,49,61
Cotton,Clay,15,23,60,86
Barley,Sandy,23,36,31,55
Soybean,Loamy,10,19,43,63
Mustard,Clay,12,17,31,53
Jowar,Clay,19,34,60,70
Pulses,Black,18,23,43,59
Jowar,Red,25,35,50,64
Jowar,Black,19,33,59,81
Maize,Clay,19,26,56,83
Maize,Red,10,23,52,66
Rice,Red,11,20,55,70
Rice,Loamy,19,24,40,59
Sunflower,Black,17,24,44,70
Cotton,Red,18,24,49,68
Cotton,Clay,19,27,41,58
Cotton,Loamy,24,31,31,54
Potato,Red,10,22,37,61
Soybean,Red,12,21,55,75
Sugarcane,Loamy,25,37,30,57
Gram,Clay,19,30,33,47
Rice,Black,14,23,47,76
Potato,Sandy,14,19,38,66
Potato,Loamy,14,24,33,50
Sunflower,Loamy,18,23,38,48
Barley,Loamy,14,25,52,64
Sugarcane,Red,20,26,49,68
Soybean,Black,16,30,60,87
Wheat,Red,23,35,39,61
Cotton,Sandy,24,31,40,67
Mustard,Loamy,11,18,55,75
Rice,Red,14,20,42,68
Jowar,Sandy,22,28,44,61
Wheat,Loamy,24,31,34,57
Pulses,Loamy,18,26,47,61
Mustard,Black,18,24,48,67
Gram,Black,24,36,56,74
Potato,Loamy,19,26,43,66
Cotton,Sandy,17,25,56,75
Soybean,Alluvial,10,20,35,58
Sugarcane,Sandy,23,38,60,80
Sunflower,Alluvial,18,26,59,84
Pulses,Red,12,23,55,77
Millet,Clay,15,26,53,74
Barley,Black,23,34,33,49
Millet,Alluvial,23,32,59,75
Pulses,Red,23,32,54,83
Sugarcane,Loamy,24,32,51,81
Jowar,Red,23,33,41,68
Sunflower,Alluvial,11,23,34,64
Pulses,Alluvial,11,19,41,60
Rice,Clay,14,21,36,61
Cotton,Red,25,30,38,50
Wheat,Sandy,18,28,60,76
Rice,Loamy,18,23,57,84
Sugarcane,Clay,17,23,54,78
Sugarcane,Loamy,13,21,53,69
Sunflower,Red,23,28,60,87
Sunflower,Black,25,31,51,71
Cotton,Loamy,25,40,42,71
Wheat,Clay,17,24,54,75
Rice,Clay,23,33,33,43
Soybean,Clay,14,20,30,53
Gram,Red,20,31,38,54
Mustard,Clay,14,19,57,79
Soybean,Loamy,22,33,49,64
Cotton,Clay,25,40,32,49
Cotton,Black,10,18,30,48
Pulses,Black,21,30,39,59
Millet,Red,22,33,46,60
Cotton,Loamy,22,34,34,45
Potato,Black,16,30,39,64
Mustard,Clay,20,31,50,67
Cotton,Black,23,28,31,47
Gram,Loamy,18,33,53,80
Sunflower,Alluvial,18,26,59,86
Groundnut,Loamy,11,25,48,69
Maize,Loamy,17,23,54,69
Mustard,Clay,24,35,54,70
Millet,Loamy,16,23,44,65
Sugarcane,Alluvial,22,28,44,70
Pulses,Black,11,19,40,60
Pulses,Black,14,22,59,74
Sunflower,Red,12,22,57,72
Millet,Alluvial,15,27,53,79
Mustard,Loamy,13,24,30,45
Sunflower,Clay,22,29,30,45
Soybean,Black,20,25,53,68
Maize,Black,17,31,58,82
Potato,Alluvial,14,24,50,77
Rice,Loamy,13,18,53,65
Maize,Clay,14,21,42,57
Wheat,Loamy,25,35,60,75
Pulses,Clay,14,26,45,67
Cotton,Sandy,11,18,36,57
Jowar,Clay,25,39,55,79
Cotton,Loamy,16,22,49,69
Mustard,Alluvial,16,31,36,59
Gram,Sandy,10,25,51,68
Barley,Red,20,26,50,61
Cotton,Black,22,34,55,71
Groundnut,Loamy,23,35,43,63
Groundnut,Black,13,25,39,69
Wheat,Sandy,11,24,45,57
Soybean,Red,19,31,57,83
Cotton,Clay,24,32,54,65
Mustard,Clay,14,19,32,45
Pulses,Clay,23,28,39,51
Wheat,Black,11,20,59,84
Sunflower,Red,19,32,40,65
Soybean,Clay,10,17,46,67
Sunflower,Black,25,35,32,45
Cotton,Clay,25,32,30,41
Potato,Alluvial,22,36,32,43
Gram,Clay,14,25,56,78
Maize,Clay,13,27,49,74
Sunflower,Clay,20,29,60,85
Barley,Red,20,33,50,68
Jowar,Clay,22,33,33,43
Groundnut,Black,13,20,60,78
Sunflower,Red,17,22,56,79
Pulses,Clay,11,16,32,42
Sugarcane,Black,17,29,46,72
Groundnut,Sandy,25,34,33,62
Gram,Sandy,19,26,54,77
Rice,Clay,17,26,47,62
Potato,Loamy,22,37,60,78
Pulses,Sandy,19,33,34,47
Cotton,Red,13,19,59,73
Sugarcane,Alluvial,14,22,46,71
Potato,Loamy,13,28,57,76
Soybean,Sandy,16,26,43,55
Groundnut,Red,22,31,40,52
Groundnut,Black,11,18,46,74
Groundnut,Red,14,25,41,64
Groundnut,Alluvial,21,36,34,45
Pulses,Sandy,12,22,39,51
Jowar,Red,13,28,55,71
Sunflower,Black,25,38,55,67
Millet,Alluvial,22,27,45,60
Groundnut,Clay,22,33,37,64
Wheat,Black,11,20,41,67
Groundnut,Alluvial,14,24,47,71
Pulses,Clay,16,29,55,70
Pulses,Clay,10,21,35,62
Pulses,Black,14,19,50,79
Maize,Black,19,32,44,70
Maize,Clay,15,24,53,65
Millet,Red,23,29,49,67
Barley,Red,19,33,39,65
Gram,Loamy,22,28,34,48
Potato,Clay,20,34,57,86
Sunflower,Alluvial,24,29,33,53
Rice,Black,17,31,43,73
Jowar,Clay,23,28,35,57
Barley,Black,12,25,60,73
Maize,Red,10,21,57,71
Gram,Red,25,33,34,47
Sunflower,Alluvial,15,30,33,57
Mustard,Loamy,21,27,60,77
Sugarcane,Black,18,23,35,61
Maize,Sandy,21,34,59,83
Pulses,Sandy,24,30,34,44
Cotton,Clay,22,32,43,65
Rice,Alluvial,25,33,36,56
Potato,Loamy,19,34,43,55
Wheat,Red,10,18,34,62
Sugarcane,Red,22,35,36,51
Sunflower,Red,10,24,34,45
Jowar,Loamy,10,22,36,65
Potato,Red,19,33,56,66
Rice,Alluvial,22,37,53,78
Jowar,Alluvial,13,22,32,58
Millet,Red,14,21,45,67
Groundnut,Clay,22,27,54,70
Rice,Alluvial,10,18,46,66
Mustard,Clay,19,25,39,56
Potato,Loamy,20,25,37,64
Barley,Black,19,32,39,56
Barley,Black,18,26,54,79
Sugarcane,Loamy,22,37,54,68
Rice,Clay,17,28,33,48
Potato,Red,11,18,35,60
Maize,Red,17,25,47,76
Pulses,Sandy,20,28,31,46
Maize,Alluvial,21,26,43,67
Sunflower,Black,22,27,58,81
Sugarcane,Sandy,22,31,60,88
Soybean,Red,14,23,36,53
Sunflower,Red,14,27,57,70
Mustard,Alluvial,10,24,51,63
Mustard,Alluvial,20,31,42,56
Jowar,Sandy,12,24,41,71
Pulses,Red,18,23,46,58
Maize,Loamy,19,31,44,54
Cotton,Black,25,38,52,62
Rice,Alluvial,15,25,44,66
Wheat,Clay,10,17,50,72
Wheat,Clay,14,29,40,57
Mustard,Loamy,19,34,37,47
Sugarcane,Loamy,12,22,38,56
Soybean,Alluvial,25,39,50,66
Groundnut,Red,25,32,36,65
Potato,Sandy,18,24,35,57
Rice,Loamy,21,34,36,57
Wheat,Sandy,11,20,57,71
Jowar,Alluvial,14,26,60,75
Rice,Clay,17,27,52,70
Barley,Black,11,17,31,56
Pulses,Red,25,39,30,58
Barley,Clay,16,22,52,82
Wheat,Sandy,21,27,57,81
Jowar,Loamy,16,23,43,71
Rice,Loamy,23,36,40,57
Mustard,Loamy,21,32,59,77
Wheat,Red,18,32,46,58
Jowar,Alluvial,23,34,52,71
Pulses,Loamy,23,35,53,71
Millet,Black,10,18,53,70
Soybean,Black,22,28,35,62
Gram,Sandy,13,26,55,70
Mustard,Alluvial,15,24,46,64
Cotton,Sandy,12,17,44,58
Rice,Loamy,20,34,47,73
Barley,Sandy,14,25,30,55
Gram,Black,12,22,40,50
Mustard,Black,18,25,50,80
Gram,Red,21,27,35,51
Rice,Sandy,21,26,57,79
Jowar,Alluvial,10,17,59,88
Wheat,Red,21,30,44,60
Maize,Sandy,14,19,58,70
Sunflower,Red,15,22,48,62
Potato,Black,18,23,30,56
Cotton,Loamy,16,27,57,73
Groundnut,Alluvial,21,31,36,50
Rice,Clay,21,33,30,54
Sunflower,Black,21,36,39,67
Barley,Sandy,23,35,52,82
Sunflower,Clay,22,34,39,65
Groundnut,Black,20,27,50,67
Millet,Clay,20,34,50,63
Sugarcane,Loamy,13,28,38,55
Mustard,Alluvial,12,18,33,52
Wheat,Loamy,25,36,59,86
Millet,Red,24,38,38,51
Soybean,Sandy,19,34,48,74
Cotton,Red,25,40,42,69
Mustard,Red,19,24,39,59
Maize,Alluvial,23,28,31,57
Cotton,Red,19,33,39,58
Pulses,Red,12,19,39,63
Gram,Clay,18,29,33,55
Sugarcane,Black,16,27,55,73
Groundnut,Alluvial,19,28,53,76
Pulses,Sandy,24,34,43,70
Millet,Red,13,23,59,82
Rice,Clay,10,22,56,86
Mustard,Loamy,23,35,50,63
Sunflower,Alluvial,20,30,53,79
Rice,Loamy,12,27,35,48
Maize,Black,11,19,57,85
Barley,Sandy,18,32,52,66
Sugarcane,Sandy,15,30,50,77
Groundnut,Red,18,24,40,68
Barley,Clay,21,32,43,69
Groundnut,Clay,10,16,48,75
Jowar,Alluvial,13,27,48,68
Wheat,Loamy,12,23,43,64
Jowar,Loamy,14,26,47,58
Wheat,Red,23,35,41,65
Wheat,Black,16,29,37,58
Rice,Red,13,28,56,82
Cotton,Clay,25,35,33,52
Gram,Clay,20,31,33,48
Wheat,Clay,13,23,32,45
Sugarcane,Black,16,29,54,69
Sugarcane,Alluvial,24,30,49,73
Cotton,Red,20,32,42,72
Sunflower,Sandy,21,33,36,52
Wheat,Loamy,16,24,39,63
Sunflower,Alluvial,18,28,58,74
Wheat,Black,11,19,35,47
Barley,Sandy,21,35,40,68
Sunflower,Clay,13,26,52,76
Gram,Red,23,28,36,48
Potato,Loamy,22,30,39,65
Potato,Black,24,39,60,83
Jowar,Clay,24,29,33,54
Soybean,Loamy,20,28,48,71
Millet,Sandy,23,32,37,63
Cotton,Clay,22,34,56,80
Pulses,Sandy,13,18,55,68
Wheat,Red,12,20,38,61
Rice,Clay,12,20,48,71
Millet,Clay,20,25,33,57
Millet,Red,17,32,32,58
Sunflower,Black,20,33,44,57
Gram,Alluvial,16,24,39,51
Potato,Sandy,15,29,32,56
Cotton,Sandy,11,17,31,43
Wheat,Sandy,24,39,34,47
Soybean,Loamy,15,22,51,68
Wheat,Alluvial,16,21,44,61
Groundnut,Loamy,25,33,42,53
Maize,Sandy,12,24,30,56
Cotton,Red,24,36,36,54
Soybean,Loamy,16,31,56,78
Groundnut,Alluvial,22,28,57,77
Rice,Red,22,29,54,68
Jowar,Clay,23,35,47,58
Jowar,Alluvial,22,36,33,60
Groundnut,Clay,22,27,43,53
Maize,Clay,20,33,52,82
Pulses,Red,20,27,42,65
Maize,Loamy,11,23,52,64
Mustard,Loamy,10,18,45,68
Rice,Black,16,25,53,82
Jowar,Alluvial,21,33,48,73
Barley,Alluvial,19,28,45,61
Sunflower,Black,11,17,43,57
Jowar,Alluvial,17,25,55,79
Maize,Sandy,11,20,45,70
Pulses,Loamy,14,27,37,53
Rice,Sandy,23,28,39,55
Sugarcane,Alluvial,11,19,33,54
Maize,Alluvial,19,29,30,52
Pulses,Red,24,34,47,68
Jowar,Loamy,11,22,32,49
Pulses,Black,18,23,59,70
Jowar,Loamy,25,37,52,77
Wheat,Red,23,33,52,71
Cotton,Loamy,19,33,45,67
Barley,Black,21,36,43,64
Maize,Loamy,16,24,32,46
Mustard,Sandy,14,26,55,68
Soybean,Alluvial,12,22,34,52
Sugarcane,Alluvial,16,26,54,81
Groundnut,Alluvial,17,32,30,56
Wheat,Alluvial,13,24,56,73
Wheat,Red,22,28,33,61
Jowar,Clay,11,18,59,87
Groundnut,Loamy,12,25,49,60
Sunflower,Sandy,15,30,43,58
Groundnut,Alluvial,23,38,49,73
Gram,Loamy,10,24,30,44
Rice,Clay,19,32,37,61
Mustard,Sandy,22,34,33,47
Barley,Red,10,18,37,64
Sunflower,Black,20,33,42,60
Sunflower,Red,11,22,34,46
Wheat,Clay,10,16,40,60
Maize,Loamy,17,24,41,69
Cotton,Alluvial,21,36,35,54
Sugarcane,Loamy,16,31,45,69
Maize,Sandy,14,21,58,75
Sugarcane,Clay,21,34,38,61
Wheat,Black,13,28,56,75
Maize,Black,25,30,43,56
Jowar,Red,23,33,38,63
Gram,Loamy,16,27,35,52
Pulses,Alluvial,19,29,36,56
Maize,Sandy,14,29,34,45
Sugarcane,Sandy,22,34,59,72
Millet,Clay,21,28,57,79
Mustard,Clay,15,21,44,56
Sugarcane,Clay,21,26,53,66
Sugarcane,Clay,23,31,60,77
Sugarcane,Clay,22,36,41,69
Potato,Red,10,16,53,69
Gram,Sandy,25,35,44,59
Pulses,Clay,13,25,36,56
Gram,Black,17,32,53,82
Gram,Black,22,30,34,58
Cotton,Loamy,18,32,32,47
Gram,Clay,11,23,49,68
Millet,Alluvial,25,40,41,61
Potato,Black,10,18,54,64
Potato,Alluvial,10,24,31,51
Mustard,Clay,18,23,30,42
Wheat,Loamy,13,26,52,62
Cotton,Black,16,21,57,85
Mustard,Black,17,23,49,74
Sunflower,Red,13,21,45,75
Sugarcane,Black,16,29,60,78
Soybean,Red,25,37,46,75
Soybean,Alluvial,23,32,31,54
Potato,Clay,17,29,44,69
Mustard,Loamy,13,28,53,71
Barley,Red,20,33,51,68
Pulses,Alluvial,23,30,38,55
Sunflower,Alluvial,16,24,49,64
Soybean,Red,15,24,48,65
Soybean,Black,18,28,38,51
Gram,Red,24,34,35,48
Sugarcane,Alluvial,17,24,41,59
Cotton,Red,25,32,33,43
Sugarcane,Loamy,22,29,44,58
Gram,Red,12,27,55,72
Gram,Loamy,11,21,31,41
Gram,Alluvial,11,23,33,54
Sugarcane,Loamy,24,34,57,77
Wheat,Black,25,31,40,69
Soybean,Alluvial,14,24,46,74
Sunflower,Red,15,28,42,62
Jowar,Red,20,29,55,73
Potato,Alluvial,24,30,35,58
Sugarcane,Loamy,23,34,42,52
Pulses,Clay,23,36,51,68
Soybean,Clay,19,31,36,63
Maize,Black,25,40,55,69
Sunflower,Alluvial,10,15,52,73
Wheat,Alluvial,25,30,32,45
Soybean,Sandy,11,21,59,80
Wheat,Clay,14,27,51,64
Wheat,Sandy,17,23,32,62
Sugarcane,Red,24,32,49,66
Rice,Sandy,12,26,53,74
Mustard,Clay,10,15,57,79
Cotton,Sandy,19,24,51,61
Soybean,Clay,24,30,31,54
Maize,Loamy,21,33,34,60
Rice,Black,19,28,54,74
Wheat,Alluvial,16,28,56,83
Rice,Alluvial,11,24,50,76
Potato,Red,16,30,51,78
Rice,Sandy,24,37,48,74
Gram,Loamy,22,31,58,84
Sugarcane,Alluvial,23,37,41,58
Millet,Loamy,17,27,56,67
Millet,Sandy,23,36,47,69
Jowar,Sandy,20,28,32,62
Jowar,Loamy,14,19,34,44
Wheat,Red,18,29,40,65
Jowar,Clay,14,22,51,81
Barley,Red,15,29,43,68
Cotton,Clay,16,31,57,79
Wheat,Alluvial,21,26,45,64
Millet,Alluvial,17,31,53,77
Soybean,Red,25,37,31,61
Maize,Sandy,12,26,56,86
Mustard,Red,23,38,52,82
Wheat,Alluvial,23,29,39,50
Maize,Sandy,25,40,54,70
Rice,Black,18,31,58,78
Cotton,Red,11,23,59,71
Sunflower,Loamy,12,23,59,81
Rice,Alluvial,10,17,30,47
Millet,Loamy,13,22,36,52
Mustard,Red,18,24,42,62
Groundnut,Alluvial,20,27,55,82
Cotton,Loamy,19,28,33,55
Potato,Red,14,24,36,50
Pulses,Loamy,25,31,32,45
Millet,Red,12,19,51,78
Potato,Loamy,23,32,38,67
Sunflower,Sandy,10,15,60,81
Gram,Alluvial,20,25,47,76
Groundnut,Alluvial,23,38,47,64
Potato,Loamy,22,34,31,47
Barley,Red,15,23,58,72
Groundnut,Red,15,23,47,73
Maize,Clay,19,33,44,59
Sugarcane,Alluvial,11,23,60,76
Sunflower,Red,16,31,35,53
Rice,Sandy,25,31,32,49
Mustard,Sandy,22,36,56,72
Gram,Loamy,19,25,47,58
Millet,Clay,14,28,42,66
Cotton,Loamy,17,22,56,77
Rice,Sandy,10,22,35,48
Sunflower,Alluvial,25,30,47,69
Wheat,Alluvial,15,25,46,59
Gram,Sandy,13,27,52,79
Barley,Clay,18,26,31,46
Barley,Clay,13,19,30,56
Jowar,Black,16,28,52,76
Groundnut,Alluvial,12,27,56,76
Barley,Red,24,34,50,76
Mustard,Sandy,18,25,39,50
Millet,Alluvial,15,28,58,86
Sugarcane,Alluvial,14,25,31,60
Jowar,Black,12,21,47,68
Millet,Red,10,19,39,54
Millet,Red,11,21,50,71
Gram,Black,11,22,38,60
Sugarcane,Clay,21,30,36,46
Pulses,Black,10,16,55,81
Jowar,Clay,14,20,35,61
Wheat,Black,16,30,59,86
Barley,Clay,14,20,39,69
Pulses,Clay,12,27,46,66
Sugarcane,Black,10,17,59,81
Cotton,Black,16,31,58,77
Barley,Alluvial,24,38,49,62
Soybean,Loamy,17,26,35,52
Wheat,Loamy,14,25,38,67
Rice,Sandy,24,31,30,52
Gram,Black,18,33,58,88
Soybean,Clay,23,28,59,74
Potato,Loamy,15,21,48,74
Millet,Black,21,34,33,56
Pulses,Loamy,13,28,39,65
Cotton,Sandy,17,23,46,59
Sugarcane,Sandy,17,28,47,76
Sugarcane,Clay,19,28,48,74
Rice,Alluvial,14,21,43,57
Millet,Loamy,21,32,48,58
Jowar,Black,20,28,57,75
Maize,Sandy,11,16,54,68
Jowar,Loamy,17,24,47,75
Pulses,Clay,11,23,33,54
Mustard,Loamy,19,33,45,70
Sugarcane,Loamy,25,36,52,63
Jowar,Clay,23,33,46,75
Jowar,Black,21,31,46,69
Sugarcane,Clay,20,30,57,84
Gram,Black,22,32,53,74
Mustard,Red,13,26,33,61
Rice,Loamy,19,31,42,55
Jowar,Alluvial,20,32,57,68
Jowar,Red,24,37,41,67
Maize,Black,10,22,46,67
Mustard,Clay,22,34,40,58
Pulses,Loamy,17,30,46,61
Barley,Black,10,18,50,62
Cotton,Clay,11,24,50,70
Mustard,Loamy,24,38,43,59
Jowar,Clay,13,19,31,52
Pulses,Red,13,20,44,72
Rice,Black,15,28,42,53
Potato,Red,21,30,54,67
Sunflower,Sandy,10,24,46,59
Sunflower,Red,11,26,55,72
Cotton,Alluvial,20,25,53,76
Groundnut,Red,15,20,49,62
Pulses,Clay,20,29,37,56
Wheat,Red,12,22,42,59
Potato,Sandy,12,19,57,81
Barley,Black,13,18,47,66
Sunflower,Black,21,33,51,67
Soybean,Sandy,19,28,59,80
Sunflower,Alluvial,11,22,31,58
Mustard,Sandy,24,33,57,82
Mustard,Loamy,17,24,31,53
Potato,Loamy,23,29,55,73
Sunflower,Sandy,22,34,34,59
Soybean,Red,17,25,45,55
Jowar,Alluvial,18,23,52,69
Rice,Red,20,32,53,78
Mustard,Clay,22,37,52,66
Wheat,Red,21,32,42,70
Pulses,Red,24,29,39,67
Pulses,Loamy,22,34,42,63
Pulses,Black,14,28,53,63
Mustard,Sandy,23,29,52,78
Wheat,Alluvial,14,21,36,63
Pulses,Red,14,26,46,64
Pulses,Sandy,22,33,46,69
Pulses,Loamy,15,22,56,67
Wheat,Red,16,31,32,61
Rice,Red,17,28,43,58
Sunflower,Clay,24,32,42,62
Wheat,Alluvial,16,29,36,66
Millet,Black,17,30,35,52
Barley,Alluvial,17,23,54,77
Wheat,Black,10,24,36,52
Rice,Black,12,20,38,50
Sunflower,Alluvial,18,32,46,64
Millet,Black,15,29,54,66
Maize,Black,20,34,40,59
Rice,Alluvial,20,27,57,72
Gram,Black,13,19,33,63
Barley,Clay,22,33,50,68
Gram,Alluvial,20,30,45,70
Rice,Alluvial,13,20,58,82
Jowar,Alluvial,16,23,34,45
Cotton,Sandy,19,31,56,79
Barley,Red,20,35,32,43
Rice,Red,20,27,44,74
Mustard,Sandy,18,32,56,69
Millet,Black,11,22,32,56
Soybean,Clay,23,29,48,75
Cotton,Red,12,26,34,57
Potato,Loamy,10,25,55,66
Maize,Black,24,29,49,72
Groundnut,Clay,12,18,40,64
Maize,Black,17,26,43,64
Potato,Alluvial,10,24,36,58
Cotton,Red,20,25,53,78
Groundnut,Red,22,31,47,75
Jowar,Clay,11,25,52,82
Cotton,Clay,19,28,46,71
Millet,Loamy,19,30,41,59
Groundnut,Loamy,13,21,38,60
Millet,Alluvial,17,24,35,55
Soybean,Red,15,22,32,60
Maize,Alluvial,14,28,32,45
Jowar,Sandy,16,30,33,57
Potato,Alluvial,11,19,50,60
Millet,Black,13,21,32,52
Wheat,Red,21,31,38,48
Barley,Sandy,15,28,43,71
Wheat,Clay,17,30,51,69
Rice,Loamy,16,23,42,68
Barley,Sandy,12,24,31,41
Groundnut,Alluvial,19,34,40,69
Wheat,Black,23,32,59,75
Mustard,Red,10,24,33,43
Sunflower,Clay,12,24,57,69
Wheat,Sandy,20,34,51,66
Wheat,Clay,15,28,53,77
Rice,Sandy,24,33,55,73
Wheat,Clay,13,19,31,46
Rice,Black,24,30,54,74
Sugarcane,Clay,12,21,42,59
Soybean,Loamy,14,20,51,63
Mustard,Red,11,19,49,60
Rice,Sandy,18,32,38,66
Millet,Clay,24,36,43,67
Cotton,Red,22,31,43,61
Maize,Loamy,22,36,54,78
Soybean,Black,14,25,44,61
Cotton,Black,18,29,41,61
Cotton,Sandy,11,25,45,62
Barley,Alluvial,14,20,54,65
Gram,Black,15,21,54,64
Rice,Red,25,39,33,58
Millet,Red,15,20,54,72
Soybean,Alluvial,25,40,44,66
Mustard,Clay,16,28,33,50
Wheat,Black,17,28,54,69
Gram,Sandy,13,22,31,61
Cotton,Alluvial,10,17,58,75
Pulses,Red,21,31,50,63
Rice,Sandy,18,23,59,83
Rice,Alluvial,15,20,59,79
Gram,Sandy,10,24,52,75
Wheat,Sandy,19,27,37,65
Gram,Black,22,27,58,87
Barley,Red,11,21,40,70
Groundnut,Alluvial,13,21,36,64
Gram,Red,22,30,58,72
Sunflower,Sandy,18,32,54,69
Millet,Loamy,24,38,42,53
Millet,Sandy,16,26,32,58
Mustard,Black,25,35,52,70
Maize,Black,15,27,60,77
Mustard,Loamy,17,22,38,68
Groundnut,Red,12,27,48,60
Barley,Red,11,18,51,76
Maize,Alluvial,25,38,41,56
Pulses,Sandy,13,19,30,45
Jowar,Alluvial,16,21,60,79
Maize,Alluvial,16,28,58,85
Sunflower,Red,21,35,56,84
Millet,Loamy,12,18,47,73
Rice,Black,15,29,52,65
Potato,Black,20,33,32,51
Pulses,Black,18,29,39,58
Millet,Loamy,12,27,48,59
Potato,Alluvial,20,26,36,58
Pulses,Sandy,14,23,37,66
Barley,Sandy,12,24,58,68
Sunflower,Clay,15,25,32,52
Potato,Loamy,24,37,58,71
Rice,Clay,21,33,54,80
Potato,Loamy,19,33,56,81
Jowar,Loamy,15,30,56,86
Soybean,Alluvial,15,23,59,71
Mustard,Loamy,17,28,56,73
Sugarcane,Black,21,31,57,70
Maize,Black,25,38,58,80
Gram,Alluvial,23,29,34,49
Sugarcane,Red,13,20,48,78
Gram,Loamy,22,37,43,67
Sunflower,Red,22,31,48,77
Jowar,Clay,17,23,40,69
Barley,Black,16,31,41,55
Potato,Red,23,37,38,57
Cotton,Red,17,30,31,50
Sugarcane,Sandy,21,33,44,57
Jowar,Black,20,26,46,64
Rice,Loamy,23,33,42,52
Soybean,Red,25,30,35,58
Groundnut,Alluvial,10,20,51,65
Maize,Red,16,30,58,75
Potato,Clay,21,35,38,68
Millet,Sandy,23,36,34,49
Pulses,Clay,19,29,51,74
Soybean,Loamy,20,31,41,54
Millet,Black,14,21,36,63
Millet,Loamy,23,38,39,61
Pulses,Clay,17,32,43,67
Barley,Sandy,23,31,43,68
Wheat,Alluvial,14,20,40,66
Sunflower,Alluvial,13,20,32,49
Barley,Black,23,30,39,49
Sugarcane,Sandy,20,28,56,71
Gram,Black,14,29,51,65
Gram,Loamy,18,27,60,85
Millet,Black,10,21,30,40
Jowar,Sandy,23,28,57,79
Groundnut,Red,19,24,43,63
Rice,Sandy,16,27,34,58
Gram,Loamy,24,39,48,74
Potato,Red,17,31,34,64
Jowar,Sandy,12,21,53,72
Gram,Clay,17,30,36,57
Barley,Black,16,23,54,80
Sunflower,Black,13,20,45,73
Cotton,Black,13,18,49,69
Maize,Alluvial,10,20,37,50
Soybean,Red,25,40,39,66
Pulses,Loamy,22,28,55,81
Gram,Alluvial,24,34,33,63
Sunflower,Sandy,25,36,56,68
Potato,Red,10,25,46,70
Groundnut,Red,14,21,39,61
Pulses,Red,23,37,34,57
Cotton,Black,15,23,36,53
Sugarcane,Sandy,13,23,31,50
Soybean,Black,10,21,40,62
Millet,Red,23,36,37,66
Sunflower,Alluvial,15,23,32,58
Gram,Sandy,13,27,57,77
Groundnut,Clay,11,18,60,83
Jowar,Loamy,19,29,59,82
Gram,Clay,22,35,33,56
Millet,Red,10,18,52,62
Gram,Red,16,26,60,72
Gram,Alluvial,25,40,44,66
Pulses,Sandy,16,31,47,70
Mustard,Alluvial,13,22,49,70
Groundnut,Loamy,19,28,40,67
Potato,Alluvial,24,32,42,64
Soybean,Clay,15,20,50,70
Barley,Alluvial,23,33,32,60
Sugarcane,Clay,13,28,31,57
Sunflower,Clay,12,22,42,54
Maize,Clay,15,26,35,57
Groundnut,Black,10,24,47,58
Rice,Alluvial,13,24,58,84
Potato,Black,10,25,44,72
Wheat,Clay,24,29,35,47
Maize,Alluvial,14,25,30,53
Rice,Loamy,16,30,31,52
Potato,Sandy,21,30,43,71
Barley,Loamy,13,24,46,58
Soybean,Red,21,33,46,59
Millet,Sandy,16,24,58,68
Gram,Clay,21,27,55,66
Rice,Loamy,18,30,59,77
Jowar,Alluvial,18,25,32,51
Soybean,Loamy,25,34,37,65
Maize,Red,20,34,36,47
Soybean,Clay,23,31,59,75
Soybean,Loamy,10,20,48,59
Groundnut,Loamy,11,20,56,79
Soybean,Alluvial,15,22,55,83
Barley,Black,23,34,32,43
Sugarcane,Sandy,12,22,57,72
Mustard,Alluvial,15,20,58,75
Cotton,Sandy,19,25,32,44
Jowar,Black,25,35,40,70
Wheat,Clay,24,31,31,49
Gram,Loamy,18,25,36,65
Soybean,Red,23,33,35,63
Gram,Loamy,25,37,39,67
Gram,Clay,18,30,57,86
Soybean,Black,21,30,30,60
Sunflower,Red,14,20,38,64
Potato,Clay,10,25,31,43
Potato,Alluvial,22,27,57,81
Rice,Black,11,25,53,63
Potato,Alluvial,21,33,46,58
Millet,Loamy,22,35,41,67
Sugarcane,Clay,21,31,31,49
Sunflower,Alluvial,11,21,46,64
Millet,Sandy,10,21,41,59
Groundnut,Black,13,19,36,58
Groundnut,Red,13,23,46,62
Sunflower,Loamy,10,17,57,71
Groundnut,Loamy,11,18,48,63
Maize,Alluvial,20,32,51,80
Wheat,Sandy,23,28,30,49
Mustard,Sandy,22,30,52,78
Barley,Alluvial,15,27,40,50
Sunflower,Loamy,24,36,60,83
Barley,Red,15,25,40,50
Potato,Red,16,22,34,50
Jowar,Sandy,22,27,34,57
Pulses,Alluvial,23,30,52,81
Pulses,Alluvial,25,38,38,51
Soybean,Sandy,10,19,48,66
Barley,Black,16,21,48,68
Jowar,Clay,21,35,38,57
Sunflower,Red,11,18,56,81
Maize,Sandy,25,32,43,58
Sunflower,Red,25,37,40,58
Jowar,Clay,20,27,30,58
Barley,Loamy,12,23,60,73
Wheat,Clay,18,25,35,56
Rice,Red,14,27,55,66
Mustard,Alluvial,22,32,49,63
Millet,Loamy,19,24,37,55
Potato,Black,22,34,60,81
Groundnut,Alluvial,14,29,39,68
Mustard,Clay,17,23,39,65
Cotton,Black,15,22,50,70
Mustard,Red,14,24,35,48
Sunflower,Clay,17,26,48,63
Gram,Clay,22,30,33,56
Mustard,Sandy,22,30,41,67
Wheat,Black,16,31,58,87
Soybean,Sandy,25,30,59,89
Wheat,Red,17,25,43,59
Millet,Black,18,32,45,72
Rice,Alluvial,12,20,46,58
Millet,Red,19,33,47,64
Sunflower,Red,25,32,52,73
Gram,Black,21,32,39,57
Cotton,Clay,25,30,50,67
Soybean,Alluvial,12,20,56,83
Mustard,Alluvial,22,30,40,54
Soybean,Loamy,11,20,49,70
Sugarcane,Clay,20,27,49,70
Rice,Red,18,23,41,64
Sunflower,Loamy,17,32,53,65
Mustard,Clay,11,21,46,69
Rice,Clay,10,17,50,78
Groundnut,Sandy,16,24,47,57
Barley,Clay,19,28,31,55
Jowar,Loamy,16,27,51,74
Rice,Red,13,25,35,65
Soybean,Red,13,24,35,55
Soybean,Black,17,24,36,57
Mustard,Clay,10,15,32,60
Pulses,Clay,23,34,51,75
Barley,Red,16,28,53,74
Rice,Sandy,19,34,35,59
Millet,Red,19,24,56,72
Gram,Clay,10,22,34,47
Barley,Black,19,27,56,86
Gram,Clay,17,24,41,52
Sugarcane,Sandy,16,23,35,45
Sugarcane,Loamy,23,34,53,76
Groundnut,Alluvial,21,34,46,62
Wheat,Clay,13,20,54,80
Groundnut,Loamy,25,38,53,71
Jowar,Alluvial,17,29,53,77
Sunflower,Sandy,24,35,60,78
Wheat,Loamy,15,22,38,56
Cotton,Black,13,27,32,57
Potato,Black,25,37,44,62
Sugarcane,Black,13,23,48,70
Potato,Black,20,33,37,51
Millet,Sandy,21,34,36,50
Mustard,Sandy,21,35,52,63
Maize,Black,14,22,38,52
Rice,Alluvial,19,34,59,70
Maize,Alluvial,12,26,37,65
Maize,Sandy,17,23,39,53
Gram,Loamy,22,33,55,79
Wheat,Red,24,33,44,56
Jowar,Loamy,16,21,48,64
Maize,Clay,22,35,31,43
Sugarcane,Red,10,15,46,61
Millet,Red,14,29,38,51
Sugarcane,Sandy,25,37,30,51
Jowar,Alluvial,15,30,37,54
Groundnut,Clay,15,26,34,60
Millet,Black,19,24,38,68
Groundnut,Alluvial,12,27,37,62
Millet,Red,17,27,45,68
Potato,Alluvial,17,28,35,51
Pulses,Red,15,27,34,55
Sugarcane,Clay,12,20,38,53
Maize,Loamy,19,26,37,55
Sunflower,Sandy,18,25,49,78
Barley,Red,14,28,59,77
Gram,Red,20,30,49,67
Wheat,Alluvial,15,25,43,64
Sunflower,Loamy,10,25,47,59
Sugarcane,Red,23,34,35,62
Sugarcane,Sandy,17,22,56,67
Jowar,Black,12,27,56,71
Rice,Clay,24,29,38,64
Gram,Clay,17,28,36,59
Rice,Sandy,20,32,42,60
Potato,Red,21,26,32,59
Millet,Alluvial,15,23,42,53
Sugarcane,Red,14,23,43,58
Jowar,Sandy,13,18,43,72
Sunflower,Clay,11,17,34,63
Sunflower,Alluvial,14,20,52,80
Millet,Alluvial,16,26,43,66
Pulses,Sandy,19,31,39,53
Gram,Red,22,33,40,63
Maize,Loamy,24,33,42,63
Rice,Sandy,10,22,55,75
Wheat,Black,17,26,56,66
Jowar,Alluvial,16,27,40,68
Barley,Loamy,12,24,39,50
Cotton,Clay,25,30,53,65
Jowar,Clay,14,28,50,60
Gram,Loamy,24,30,41,66
Rice,Black,18,29,41,66
Maize,Loamy,15,26,60,77
Sunflower,Alluvial,11,20,38,55
Groundnut,Clay,17,25,52,63
Millet,Red,16,25,35,56
Wheat,Alluvial,16,22,49,61
Gram,Loamy,11,22,51,77
Barley,Red,16,24,52,73
Groundnut,Alluvial,16,31,38,61
Pulses,Black,12,17,54,70
Barley,Black,20,33,30,50
Millet,Clay,16,31,60,82
Cotton,Loamy,16,29,43,68
Rice,Sandy,12,19,39,64
Pulses,Sandy,21,28,42,62
Soybean,Sandy,19,28,47,72
Millet,Alluvial,12,21,49,69
Millet,Red,16,26,53,64
Potato,Clay,16,24,55,74
Wheat,Loamy,14,28,48,78
Gram,Alluvial,12,19,30,49
Sugarcane,Alluvial,24,35,55,65
Jowar,Black,20,29,44,70
Groundnut,Black,20,30,53,65
Rice,Loamy,18,29,51,64
Millet,Alluvial,18,31,59,79
Maize,Red,18,30,57,81
Sunflower,Alluvial,14,21,33,60
Soybean,Loamy,13,20,50,68
Jowar,Alluvial,21,35,49,62
Cotton,Black,21,33,49,78
Cotton,Black,25,32,30,53
Pulses,Loamy,19,29,54,74
Potato,Sandy,23,29,58,77
Gram,Loamy,12,20,33,59
Jowar,Alluvial,24,35,31,49
Gram,Red,19,34,31,59
Barley,Loamy,21,35,44,65
Barley,Red,18,32,40,67
Potato,Alluvial,24,29,52,62
Sugarcane,Black,12,18,51,80
Pulses,Loamy,12,22,45,65
Barley,Alluvial,23,32,33,54
Wheat,Alluvial,18,25,30,54
Soybean,Black,12,25,39,60
Millet,Red,19,31,31,41
Gram,Red,13,19,48,76
Mustard,Alluvial,18,29,48,61
Mustard,Red,13,18,58,69
Potato,Red,15,27,40,65
Jowar,Clay,23,29,38,50
Sugarcane,Alluvial,23,38,47,61
Pulses,Black,17,28,30,48
Groundnut,Loamy,20,34,37,51
Wheat,Black,25,38,47,73
Cotton,Loamy,13,21,35,64
Maize,Black,20,26,33,59
Pulses,Sandy,17,26,53,67
Gram,Black,25,35,40,61
Jowar,Sandy,17,25,55,75
Wheat,Alluvial,19,33,47,61
Rice,Loamy,22,31,34,63
Millet,Loamy,12,24,57,71
Groundnut,Sandy,24,33,58,81
Wheat,Clay,23,37,48,60
Barley,Red,18,27,39,55
Groundnut,Red,23,38,35,47
Barley,Loamy,20,28,58,72
Potato,Red,11,16,53,67
Cotton,Red,24,36,45,56
Pulses,Sandy,11,24,49,66
Maize,Clay,12,18,44,64
Pulses,Red,22,35,52,77
Potato,Red,20,34,33,56
Sugarcane,Alluvial,22,31,53,71
Wheat,Red,13,23,55,68
Soybean,Clay,13,18,60,75
Millet,Black,14,27,46,65
Cotton,Black,19,30,31,46
Pulses,Alluvial,22,36,41,60
Soybean,Clay,19,24,59,88
Pulses,Red,22,27,40,55
Jowar,Loamy,24,30,33,44
Barley,Sandy,12,21,49,66
Rice,Clay,25,36,54,75
Mustard,Sandy,14,27,49,70
Wheat,Black,10,15,39,62
Sugarcane,Loamy,19,24,34,48
Sugarcane,Alluvial,21,32,52,80
Mustard,Loamy,19,28,48,74
Gram,Black,22,37,45,65
Cotton,Red,20,26,30,53
Groundnut,Sandy,25,38,30,47
Rice,Clay,19,33,50,67
Rice,Sandy,12,23,30,43
Barley,Red,13,23,39,52
Wheat,Clay,25,37,38,65
Barley,Red,24,32,41,52
Rice,Clay,16,21,35,56
Wheat,Sandy,24,29,43,70
Barley,Black,12,19,32,44
Millet,Sandy,25,32,43,56
Millet,Red,11,19,39,52
Soybean,Sandy,18,27,57,87
Maize,Black,11,16,44,74
Potato,Sandy,23,30,50,67
Sugarcane,Clay,15,22,42,71
Cotton,Clay,17,31,36,48
Jowar,Sandy,12,21,47,73
Groundnut,Loamy,12,18,33,52
Mustard,Alluvial,22,32,41,60
Groundnut,Black,12,25,38,56
Jowar,Loamy,24,30,35,60
Pulses,Clay,12,25,45,74
Sugarcane,Loamy,11,25,37,59
Gram,Sandy,17,26,51,79
Rice,Sandy,23,33,43,55
Mustard,Black,15,24,35,49
Jowar,Alluvial,19,33,48,71
Millet,Clay,21,26,36,65
Mustard,Sandy,24,33,40,56
Jowar,Black,17,27,60,83
Maize,Loamy,25,34,60,78
Millet,Red,24,38,47,69
Sugarcane,Red,14,24,60,85
Wheat,Loamy,11,21,45,57
Mustard,Loamy,23,30,30,60
Sunflower,Alluvial,12,26,40,50
Maize,Clay,22,29,32,50
Soybean,Loamy,20,34,30,49
Barley,Loamy,16,22,41,56
Barley,Black,17,31,47,68
Jowar,Alluvial,15,28,32,60
Gram,Loamy,14,21,32,50
Sugarcane,Sandy,20,27,51,61
Mustard,Loamy,14,27,60,79
Maize,Sandy,19,30,59,81
Gram,Alluvial,16,28,38,51
Soybean,Red,14,20,39,59
Maize,Alluvial,25,34,34,44
Potato,Red,15,26,50,60
Sugarcane,Clay,10,18,39,62
Cotton,Sandy,18,24,33,51
Gram,Alluvial,22,28,42,70
Gram,Black,14,25,54,66
Mustard,Clay,24,34,41,65
Rice,Clay,11,21,59,71
Wheat,Sandy,24,35,40,59
Jowar,Black,19,29,30,41
Groundnut,Loamy,20,26,58,71
Millet,Loamy,25,32,41,64
Rice,Clay,23,35,35,56
Pulses,Loamy,11,16,36,52
Sugarcane,Red,20,27,59,79
Jowar,Sandy,18,32,31,57
Rice,Loamy,19,32,33,54
Wheat,Red,19,29,36,47
Wheat,Sandy,14,20,48,69
Cotton,Red,22,36,43,65
Wheat,Clay,16,22,45,67
Jowar,Red,15,24,54,76
Rice,Black,16,30,47,69
Barley,Loamy,13,19,38,60
Mustard,Alluvial,16,21,58,87
Pulses,Red,25,36,33,51
Millet,Red,14,27,42,61
Barley,Loamy,19,32,52,80
Barley,Sandy,22,36,46,68
Sunflower,Clay,24,31,30,58
Sugarcane,Red,16,24,47,76
Maize,Alluvial,19,27,56,68
Millet,Black,16,21,39,68
Pulses,Black,14,27,34,55
Gram,Loamy,16,28,54,83
Cotton,Clay,13,21,47,69
Millet,Clay,18,33,40,64
Barley,Red,23,30,57,74
Cotton,Loamy,25,39,32,59
Mustard,Black,22,28,46,67
Mustard,Alluvial,10,25,38,62
Rice,Alluvial,11,17,43,71
Rice,Red,25,37,57,72
Jowar,Red,14,21,42,70
Jowar,Black,23,36,49,67
Rice,Clay,23,31,51,74
Maize,Sandy,13,19,48,59
Jowar,Black,11,18,57,84
Pulses,Alluvial,12,20,33,46
Sugarcane,Alluvial,19,25,54,67
Soybean,Red,25,38,57,67
Pulses,Alluvial,18,23,33,48
Sugarcane,Red,10,21,30,58
Maize,Sandy,20,32,50,77
Cotton,Clay,15,30,30,43
Jowar,Loamy,17,26,39,57
Jowar,Red,13,23,55,74
Gram,Alluvial,10,17,37,66
Sugarcane,Red,21,30,49,72
Cotton,Alluvial,20,33,37,67
Maize,Red,25,38,42,56
Sunflower,Alluvial,21,32,30,54
Pulses,Black,23,30,53,73
Barley,Alluvial,19,26,53,74
Potato,Alluvial,22,29,59,75
Sunflower,Loamy,16,22,39,63
Gram,Alluvial,12,26,31,41
Potato,Alluvial,16,25,45,58
Soybean,Sandy,23,36,42,65
Jowar,Alluvial,17,29,40,52
Wheat,Black,12,21,45,59
Maize,Sandy,24,38,56,84
Maize,Sandy,12,18,44,59
Sugarcane,Red,17,27,55,74
Mustard,Loamy,15,29,60,75
Gram,Sandy,19,24,54,70
Jowar,Loamy,23,30,37,58
Sunflower,Sandy,21,30,46,71
Soybean,Loamy,22,32,33,58
Groundnut,Red,14,24,57,80
Sugarcane,Alluvial,19,34,37,61
Gram,Alluvial,14,28,40,70
Pulses,Red,14,29,54,81
Rice,Loamy,25,40,44,63
Sunflower,Black,21,26,41,57
Cotton,Clay,22,32,30,41
Gram,Alluvial,19,26,43,54
Millet,Alluvial,10,22,53,75
Wheat,Loamy,15,29,55,68
Jowar,Loamy,25,34,36,57
Sunflower,Sandy,19,28,37,55
Sunflower,Red,12,17,44,68
Maize,Black,16,29,50,62
Potato,Sandy,19,30,41,57
Sunflower,Alluvial,21,32,36,61
Maize,Red,10,17,53,76
Barley,Alluvial,10,17,51,74
Groundnut,Sandy,25,40,52,68
Barley,Loamy,22,35,40,61
Millet,Sandy,15,26,48,75
Cotton,Loamy,11,23,31,59
Soybean,Clay,22,35,56,73
Pulses,Loamy,18,30,51,66
Pulses,Loamy,10,22,56,76
Groundnut,Alluvial,10,21,50,60
Potato,Loamy,17,27,47,61
Groundnut,Loamy,12,24,33,61
Maize,Black,24,35,42,70
Sunflower,Loamy,17,26,60,80
Potato,Sandy,13,22,52,72
Cotton,Black,12,20,57,72
Groundnut,Black,23,34,48,63
Barley,Red,25,31,50,62
Maize,Black,13,24,47,75
Soybean,Loamy,17,30,55,65
Wheat,Red,17,29,37,65
Mustard,Clay,20,32,43,72
Rice,Clay,13,23,52,65
Mustard,Clay,25,35,40,60
Gram,Loamy,19,26,58,86
Sugarcane,Sandy,19,25,43,65
Pulses,Loamy,18,26,56,80
Sugarcane,Loamy,10,23,51,77
Rice,Clay,16,28,52,79
Jowar,Clay,17,23,50,70
Mustard,Loamy,10,16,31,49
Soybean,Loamy,12,18,59,85
Cotton,Red,16,25,37,49
Millet,Clay,22,29,48,69
Potato,Black,19,30,50,70
Gram,Black,15,29,46,59
Potato,Black,20,27,45,73
Potato,Clay,15,29,34,44
Jowar,Black,16,21,36,53
Jowar,Alluvial,23,36,55,83
Barley,Red,14,28,30,47
Potato,Black,23,33,50,63
Sugarcane,Alluvial,12,18,48,72
Soybean,Alluvial,14,28,38,66
Barley,Alluvial,18,31,50,75
Pulses,Red,12,25,31,48
Potato,Red,24,29,44,68
Potato,Red,11,17,46,56
Wheat,Loamy,14,22,40,50
Millet,Alluvial,23,32,51,61
Wheat,Clay,16,25,33,56
Wheat,Clay,18,27,32,54
Maize,Loamy,24,36,34,44
Rice,Loamy,18,33,44,59
Mustard,Clay,12,22,52,72
Barley,Clay,11,24,44,57
Mustard,Red,15,27,39,50
Groundnut,Red,21,33,52,82
Sunflower,Clay,20,32,54,66
Wheat,Red,11,26,45,58
Groundnut,Alluvial,11,19,32,49
Groundnut,Clay,19,32,38,64
Groundnut,Alluvial,17,27,42,61
Pulses,Black,21,34,38,58
Wheat,Sandy,23,35,48,70
Gram,Red,15,23,43,55
Jowar,Alluvial,15,27,30,57
Gram,Sandy,14,24,40,64
Millet,Alluvial,13,22,30,44
Sugarcane,Sandy,21,29,50,73
Maize,Sandy,17,22,60,82
Soybean,Sandy,21,28,37,65
Rice,Alluvial,23,30,32,58
Barley,Clay,10,22,58,82
Cotton,Loamy,15,29,32,52
Mustard,Loamy,19,31,54,70
Barley,Black,14,28,56,82
Rice,Alluvial,15,24,38,54
Mustard,Red,14,27,51,62
Cotton,Clay,25,30,38,49
Potato,Red,15,24,43,67
Gram,Clay,21,32,33,51
Sugarcane,Loamy,21,32,48,76
Barley,Loamy,23,37,34,45
Millet,Black,17,31,39,57
Rice,Alluvial,15,26,49,71
Wheat,Clay,12,21,57,73
Gram,Red,17,23,41,64
Sugarcane,Loamy,18,28,36,51
Barley,Sandy,11,16,52,77
Sunflower,Black,15,26,58,77
Jowar,Red,10,17,45,70
Maize,Black,11,17,43,57
Maize,Loamy,14,26,35,63
Rice,Clay,10,22,40,66
Rice,Clay,12,20,32,53
Maize,Red,25,32,36,58
Sunflower,Sandy,12,17,56,76
Potato,Red,23,32,52,68
Gram,Alluvial,22,27,32,49
Wheat,Clay,19,34,56,74
Maize,Alluvial,22,35,55,70
Gram,Sandy,16,24,37,60
Potato,Clay,16,23,46,69
Millet,Black,11,16,35,60
Jowar,Sandy,12,25,31,59
Barley,Alluvial,22,37,55,74
Potato,Alluvial,21,33,53,63
Millet,Black,22,34,52,66
Wheat,Alluvial,18,28,36,66
Gram,Red,23,35,34,50
Millet,Clay,20,27,32,48
Soybean,Red,15,24,31,50
Mustard,Alluvial,14,24,40,60
Pulses,Clay,22,27,58,76
Barley,Red,22,34,40,70
Rice,Loamy,21,31,59,84
Maize,Loamy,17,25,47,71
Pulses,Sandy,13,19,42,67
Sunflower,Sandy,24,33,47,58
Maize,Clay,11,24,44,63
Pulses,Red,19,25,45,72
Millet,Black,19,25,40,62
Millet,Clay,11,24,55,65
Soybean,Sandy,23,28,59,83
Mustard,Clay,16,25,32,62
Cotton,Clay,15,21,48,77
Soybean,Black,21,29,48,72
Potato,Black,19,32,42,58
Potato,Loamy,25,30,51,63
Mustard,Sandy,24,30,42,65
Potato,Sandy,22,37,32,47
Wheat,Red,25,38,37,56
Millet,Sandy,22,28,31,57
Barley,Alluvial,13,24,51,80
Wheat,Alluvial,14,25,39,67
Maize,Sandy,16,24,32,54
Mustard,Loamy,23,37,42,67
Potato,Alluvial,20,34,36,60
Cotton,Black,20,31,54,76
Cotton,Black,23,30,45,71
Gram,Alluvial,18,27,34,45
Groundnut,Clay,25,30,39,59
Cotton,Red,20,34,37,65
Sugarcane,Black,18,29,47,71
Sunflower,Sandy,24,30,44,65
Millet,Black,13,18,51,78
Millet,Clay,18,23,31,59
Cotton,Red,13,20,48,67
Cotton,Black,11,20,51,70
Cotton,Loamy,20,33,39,59
Maize,Alluvial,17,30,45,68
Cotton,Sandy,25,30,46,60
Jowar,Clay,25,36,30,46
Barley,Red,23,30,54,83
Maize,Clay,19,29,45,60
Maize,Loamy,22,36,50,67
Pulses,Clay,23,32,55,84
Millet,Loamy,20,34,36,48
Wheat,Clay,14,27,60,86
Barley,Loamy,12,25,36,60
Barley,Alluvial,20,30,46,67
Sunflower,Alluvial,15,28,40,53
Groundnut,Alluvial,19,31,48,76
Sugarcane,Sandy,16,23,51,75
Cotton,Red,23,32,41,66
Sugarcane,Alluvial,13,18,44,67
Potato,Alluvial,22,33,45,73
Groundnut,Loamy,21,29,38,62
Groundnut,Sandy,24,31,47,57
Wheat,Red,21,26,59,69
Groundnut,Sandy,11,26,57,81
Gram,Alluvial,15,25,30,57
Pulses,Loamy,14,27,60,76
Gram,Red,24,31,33,53
Jowar,Loamy,13,21,59,69
Cotton,Sandy,10,23,53,81
Jowar,Alluvial,21,27,40,59
Pulses,Alluvial,10,25,52,68
Sunflower,Red,11,23,51,62
Sugarcane,Loamy,21,33,35,46
Millet,Alluvial,11,21,35,54
Cotton,Red,21,27,42,54
Sugarcane,Clay,20,35,55,80
Soybean,Sandy,10,16,38,57
Rice,Clay,23,36,31,50
Jowar,Loamy,25,38,45,56
Wheat,Loamy,18,33,60,82
Millet,Loamy,20,28,40,64
Millet,Red,17,24,53,74
Cotton,Sandy,19,30,48,63
Wheat,Alluvial,23,32,55,76
Sunflower,Sandy,16,21,30,59
Gram,Loamy,16,29,42,56
Jowar,Alluvial,12,18,39,52
Rice,Alluvial,19,28,47,71
Soybean,Loamy,11,26,44,61
Rice,Clay,17,27,54,65
Barley,Clay,21,35,36,57
Cotton,Alluvial,18,26,35,51
Pulses,Loamy,12,26,60,73
Mustard,Loamy,22,29,43,71
Wheat,Loamy,13,27,34,54
Wheat,Red,24,39,53,72
Rice,Alluvial,19,27,53,79
Maize,Red,16,30,30,51
Millet,Clay,24,38,47,59
Rice,Black,23,31,54,74
Barley,Alluvial,20,28,43,57
Barley,Sandy,14,23,39,63
Jowar,Red,15,20,33,57
Potato,Clay,15,27,60,90
Jowar,Black,22,31,36,49
Gram,Loamy,19,29,32,53
Maize,Sandy,10,24,48,61
Sugarcane,Red,18,26,54,84
Cotton,Black,20,29,33,49
Barley,Loamy,24,37,51,76
Millet,Alluvial,24,32,57,80
Potato,Red,18,24,46,66
Mustard,Clay,18,24,51,73
Sugarcane,Alluvial,22,29,44,62
Wheat,Clay,12,23,55,73
Soybean,Clay,21,34,54,67
Potato,Clay,22,31,39,57
Gram,Clay,18,26,41,69
Barley,Black,10,15,53,77
Potato,Alluvial,19,24,49,63
Wheat,Red,22,35,38,49
Maize,Sandy,23,33,60,87
Wheat,Clay,10,21,35,51
Barley,Red,11,17,56,74
Groundnut,Alluvial,23,37,44,61
Pulses,Clay,21,31,34,46
Wheat,Alluvial,24,37,60,86
Soybean,Clay,12,17,54,64
Jowar,Alluvial,21,29,34,62
Rice,Black,12,22,44,74
Gram,Black,11,17,40,57
Groundnut,Clay,25,39,42,56
Millet,Black,21,27,44,66
Cotton,Loamy,16,31,54,73
Pulses,Alluvial,14,22,46,63
Barley,Alluvial,11,23,46,58
Wheat,Sandy,10,20,55,76
Soybean,Clay,11,19,48,73
Jowar,Sandy,17,29,44,57
Gram,Black,19,32,43,66
Cotton,Red,19,33,40,64
Jowar,Clay,10,17,52,69
Sunflower,Sandy,18,23,53,76
Mustard,Loamy,20,30,55,65
Cotton,Black,19,27,31,49
Cotton,Sandy,14,28,38,57
Groundnut,Alluvial,18,23,33,45
Millet,Clay,22,29,45,63
Maize,Red,19,33,36,65
Soybean,Loamy,22,35,52,69
Cotton,Sandy,22,34,44,58
Cotton,Red,10,15,35,45
Jowar,Alluvial,18,23,41,71
Jowar,Sandy,10,22,47,68
Sugarcane,Clay,13,27,54,65
Cotton,Black,14,19,55,79
Maize,Red,10,21,44,61
Soybean,Loamy,11,17,60,79
Barley,Clay,17,29,53,67
Millet,Alluvial,13,25,42,54
Barley,Alluvial,25,36,50,69
Wheat,Clay,24,36,37,60
Millet,Alluvial,19,25,46,56
Gram,Black,24,33,59,80
Cotton,Sandy,25,38,46,70
Cotton,Sandy,10,24,46,56
Mustard,Clay,24,33,58,85
Barley,Loamy,15,21,50,80
Potato,Black,18,24,34,64
Soybean,Sandy,11,25,44,62
Sugarcane,Alluvial,14,22,34,47
Barley,Alluvial,11,26,40,62
Maize,Black,17,24,41,71
Maize,Loamy,25,30,37,50
Jowar,Black,19,27,53,63
Sunflower,Loamy,16,21,37,60
Millet,Alluvial,19,24,35,61
Millet,Clay,24,32,60,81
Barley,Sandy,21,35,46,57
Sunflower,Loamy,22,31,46,73
Maize,Sandy,25,31,31,55
Jowar,Alluvial,15,28,52,74
Mustard,Clay,19,32,56,76
Sunflower,Red,24,30,39,64
Potato,Loamy,21,36,40,57
Barley,Alluvial,25,37,48,70
Mustard,Loamy,25,37,58,69
Maize,Alluvial,13,21,53,83
Maize,Clay,18,31,57,71
Maize,Clay,14,22,60,74
Mustard,Red,19,29,60,81
Gram,Sandy,18,25,36,48
Wheat,Loamy,25,39,52,75
Barley,Red,20,30,59,69
Cotton,Clay,19,30,50,61
Potato,Alluvial,14,19,35,48
Sugarcane,Loamy,14,21,43,70
Sunflower,Sandy,11,20,49,63
Gram,Loamy,16,27,54,78
Pulses,Black,16,26,44,65
Jowar,Alluvial,21,29,37,65
Gram,Alluvial,12,24,48,78
Potato,Clay,21,35,57,75
Soybean,Black,17,24,59,77
Wheat,Alluvial,13,28,48,65
Groundnut,Red,17,30,37,62
Gram,Black,25,34,53,72
Potato,Alluvial,19,29,48,77
Jowar,Red,22,37,43,60
Millet,Black,17,32,57,87
Barley,Loamy,16,22,59,84
Millet,Black,24,37,36,59
Sugarcane,Sandy,15,20,53,79
Wheat,Loamy,14,24,50,62
Jowar,Clay,10,25,48,60
Sunflower,Loamy,13,24,50,72
Barley,Alluvial,22,34,49,61
Maize,Clay,15,29,47,72
Sugarcane,Black,16,23,53,69
Sunflower,Black,15,29,42,60
Jowar,Red,21,36,43,64
Cotton,Sandy,19,28,45,56
Groundnut,Black,18,27,47,68
Pulses,Black,21,36,51,62
Gram,Clay,12,23,56,74
Mustard,Red,21,28,40,68
Mustard,Black,14,27,51,80
Rice,Alluvial,16,22,47,72
Mustard,Sandy,12,24,34,55
Groundnut,Red,21,27,45,61
Mustard,Alluvial,25,32,41,51
Soybean,Red,24,31,43,71
Groundnut,Loamy,10,23,57,70
Potato,Loamy,21,27,59,83
Mustard,Alluvial,16,31,30,48
Maize,Loamy,20,30,37,58
Cotton,Sandy,24,35,53,64
Groundnut,Alluvial,13,28,54,75
Jowar,Alluvial,13,28,47,60
Cotton,Red,24,37,58,84
Sunflower,Sandy,22,27,60,80
Millet,Clay,20,35,43,70
Wheat,Black,14,21,46,66
Mustard,Sandy,11,24,44,62
Gram,Black,24,33,30,48
Jowar,Sandy,10,23,52,63
Maize,Loamy,15,23,59,74
Gram,Clay,23,31,49,62
Rice,Red,16,31,44,63
Mustard,Red,15,30,54,72
Barley,Black,10,23,44,58
Groundnut,Loamy,20,31,34,56
Potato,Black,21,27,34,48
Barley,Black,18,30,50,69
Mustard,Red,13,27,59,75
Maize,Clay,19,27,41,59
Rice,Clay,10,23,58,88
Jowar,Alluvial,19,33,43,65
Cotton,Loamy,24,32,34,59
Rice,Sandy,14,20,36,55
Soybean,Sandy,25,31,55,68
Wheat,Alluvial,15,28,51,75
Sugarcane,Alluvial,21,28,43,62
Rice,Black,22,36,52,76
Mustard,Loamy,13,26,53,71
Soybean,Alluvial,24,32,57,78
Millet,Alluvial,24,33,32,45
Soybean,Red,22,31,34,59
